order_id,user_id,product_id,category,price,quantity,timestamp
1,u002,p002,electronics,564.87,5,2025-11-16T02:27:58
2,u003,p003,sports,283.38,1,2025-11-08T14:20:10
3,u004,p004,books,76.18,4,2025-11-16T08:32:16
4,u005,p005,sports,79.16,2,2025-11-24T19:51:25
5,u006,p006,clothing,14.26,5,2025-11-09T19:05:27
6,u007,p007,books,40.49,2,2025-11-21T15:02:37
7,u008,p008,home,231.51,5,2025-11-11T15:43:01
8,u009,p009,home,483.06,4,2025-11-08T18:17:19
9,u010,p010,books,36.31,2,2025-11-17T05:29:34
10,u011,p011,sports,135.96,3,2025-11-07T07:42:17
11,u012,p012,clothing,38.12,4,2025-11-19T11:56:32
12,u013,p013,sports,164.49,1,2025-11-22T05:08:06
13,u014,p014,books,28.26,3,2025-11-25T18:31:15
14,u015,p015,books,50.87,4,2025-11-22T15:09:22
15,u016,p016,books,10.28,1,2025-11-04T01:15:01
16,u017,p017,clothing,66.61,4,2025-11-20T18:46:47
17,u018,p018,home,393.92,2,2025-11-22T04:41:37
18,u019,p019,home,103.71,3,2025-11-04T00:05:26
19,u020,p020,sports,245.14,3,2025-11-19T11:52:31
20,u021,p021,books,5.13,1,2025-11-20T11:44:01
21,u022,p022,electronics,864.35,4,2025-11-19T00:42:33
22,u023,p023,home,450.52,4,2025-11-03T20:26:55
23,u024,p024,clothing,67.83,3,2025-11-28T23:03:17
24,u025,p025,sports,111.28,3,2025-11-23T06:42:45
25,u026,p026,home,392.64,3,2025-11-12T15:10:07
26,u027,p027,home,397.75,2,2025-11-23T01:19:30
27,u028,p028,clothing,93.86,5,2025-11-13T21:00:28
28,u029,p029,clothing,35.84,2,2025-11-17T10:49:59
29,u030,p030,sports,31.32,3,2025-11-01T18:36:43
30,u031,p031,home,237.26,1,2025-11-30T22:49:28
31,u032,p032,books,44.29,5,2025-11-21T13:41:20
32,u033,p033,clothing,93.69,1,2025-11-30T20:54:44
33,u034,p034,clothing,89.16,2,2025-11-16T22:37:30
34,u035,p035,sports,180.56,1,2025-11-24T00:00:10
35,u036,p036,sports,202.17,3,2025-11-12T13:22:06
36,u037,p037,sports,138.6,2,2025-11-17T11:48:22
37,u038,p038,books,19.27,3,2025-11-09T21:09:25
38,u039,p039,electronics,809.49,4,2025-11-30T21:53:10
39,u040,p040,home,245.07,3,2025-11-14T16:49:36
40,u041,p041,clothing,106.8,2,2025-11-13T22:13:21
41,u042,p042,sports,238.66,4,2025-11-02T13:58:33
42,u043,p043,sports,81.6,5,2025-11-01T14:09:02
43,u044,p044,home,48.69,1,2025-11-18T17:04:35
44,u045,p045,books,70.47,4,2025-11-03T18:18:57
45,u046,p046,sports,85.83,2,2025-11-03T10:38:17
46,u047,p047,electronics,286.92,3,2025-11-17T23:02:59
47,u048,p048,electronics,757.34,4,2025-11-21T02:32:55
48,u049,p049,home,235.22,3,2025-11-18T05:51:50
49,u050,p050,sports,212.17,4,2025-11-02T13:31:04
50,u051,p051,home,465.59,3,2025-11-11T13:23:10
51,u052,p052,electronics,457.86,5,2025-11-29T04:35:17
52,u053,p053,books,44.88,4,2025-11-03T18:32:52
53,u054,p054,sports,274.41,4,2025-11-11T09:20:28
54,u055,p055,sports,282.36,2,2025-11-20T06:00:37
55,u056,p056,home,33.41,4,2025-11-19T04:56:43
56,u057,p057,clothing,59.23,3,2025-11-29T21:10:03
57,u058,p058,sports,263.91,2,2025-11-09T23:17:12
58,u059,p059,sports,193.73,5,2025-11-18T13:16:56
59,u060,p060,sports,142.54,4,2025-11-12T15:53:33
60,u061,p061,clothing,42.38,1,2025-11-24T00:14:31
61,u062,p062,electronics,612.14,5,2025-11-13T11:13:44
62,u063,p063,electronics,771.77,1,2025-11-20T00:05:16
63,u064,p064,books,50.51,3,2025-11-20T20:40:22
64,u065,p065,home,394.18,4,2025-11-16T23:06:43
65,u066,p066,electronics,226.36,4,2025-11-08T22:54:51
66,u067,p067,sports,256.46,3,2025-11-26T15:18:43
67,u068,p068,home,454.15,3,2025-11-24T03:12:54
68,u069,p069,books,61.25,4,2025-11-29T20:41:15
69,u070,p070,sports,226.32,3,2025-11-11T02:01:09
70,u071,p071,books,29.19,5,2025-11-28T06:28:33
71,u072,p072,home,347.87,3,2025-11-02T14:23:57
72,u073,p073,electronics,105.72,3,2025-11-06T15:58:26
73,u074,p074,clothing,127.29,3,2025-11-11T08:52:52
74,u075,p075,clothing,90.72,4,2025-11-23T10:09:11
75,u076,p076,clothing,53.28,3,2025-11-24T09:25:54
76,u077,p077,clothing,191.8,2,2025-11-04T07:21:15
77,u078,p078,sports,23.36,1,2025-11-28T05:31:10
78,u079,p079,home,70.62,3,2025-11-08T15:27:13
79,u080,p080,electronics,973.54,1,2025-11-24T12:08:35
80,u081,p081,electronics,767.72,3,2025-11-13T02:38:28
81,u082,p082,sports,279.56,1,2025-11-14T00:22:27
82,u083,p083,electronics,858.19,5,2025-11-07T06:27:46
83,u084,p084,home,370.33,4,2025-11-28T06:00:28
84,u085,p085,books,29.24,1,2025-11-07T04:28:15
85,u086,p086,home,371.99,4,2025-11-03T21:23:28
86,u087,p087,clothing,63.08,1,2025-11-17T17:17:28
87,u088,p088,clothing,57.43,3,2025-11-20T05:33:03
88,u089,p089,home,349.54,4,2025-11-23T20:21:31
89,u090,p090,home,203.86,5,2025-11-25T11:04:03
90,u091,p091,electronics,183.43,1,2025-11-18T03:07:11
91,u092,p092,books,65.81,2,2025-11-26T10:33:19
92,u093,p093,clothing,78.8,4,2025-11-12T15:54:45
93,u094,p094,clothing,97.97,4,2025-11-01T06:32:49
94,u095,p095,electronics,343.55,4,2025-11-07T07:46:21
95,u096,p096,sports,292.34,2,2025-11-18T21:42:06
96,u097,p097,books,72.95,1,2025-11-17T21:34:17
97,u098,p098,electronics,967.59,3,2025-11-10T05:56:15
98,u099,p099,sports,56.59,1,2025-11-16T11:12:02
99,u100,p100,books,21.21,1,2025-11-27T19:47:45
100,u101,p101,books,66.84,4,2025-11-16T01:21:16
101,u102,p102,home,387.05,5,2025-11-13T14:05:09
102,u103,p103,books,17.9,4,2025-11-14T14:40:09
103,u104,p104,books,55.55,2,2025-11-06T18:17:06
104,u105,p105,books,52.34,3,2025-11-04T02:47:01
105,u106,p106,home,304.5,1,2025-11-18T12:31:44
106,u107,p107,home,143.85,5,2025-11-19T03:46:55
107,u108,p108,books,9.43,5,2025-11-14T02:01:30
108,u109,p109,sports,99.04,2,2025-11-21T17:05:28
109,u110,p110,electronics,130.5,5,2025-11-19T13:25:28
110,u111,p111,electronics,356.26,3,2025-11-18T05:46:25
111,u112,p112,sports,141.54,4,2025-11-21T18:03:34
112,u113,p113,electronics,746.94,3,2025-11-03T23:54:48
113,u114,p114,clothing,113.46,5,2025-11-24T06:19:32
114,u115,p115,books,56.02,2,2025-11-18T13:59:45
115,u116,p116,electronics,867.39,5,2025-11-20T19:52:05
116,u117,p117,clothing,39.9,1,2025-11-01T09:52:01
117,u118,p118,books,48.4,2,2025-11-09T21:24:22
118,u119,p119,clothing,124.03,5,2025-11-05T12:03:04
119,u120,p120,home,490.37,1,2025-11-05T11:01:25
120,u121,p121,books,60.72,1,2025-11-11T22:10:14
121,u122,p122,home,400.72,1,2025-11-13T07:18:25
122,u123,p123,electronics,788.23,1,2025-11-16T21:31:00
123,u124,p124,clothing,153.23,2,2025-11-17T04:41:23
124,u125,p125,sports,170.53,1,2025-11-29T07:13:16
125,u126,p126,clothing,58.64,1,2025-11-04T11:23:20
126,u127,p127,sports,33.41,4,2025-11-28T21:56:42
127,u128,p128,home,387.2,2,2025-11-05T00:57:07
128,u129,p129,sports,111.79,5,2025-11-30T23:09:14
129,u130,p130,sports,272.99,2,2025-11-12T10:54:02
130,u131,p131,sports,295.46,3,2025-11-15T00:14:07
131,u132,p132,books,21.83,3,2025-11-14T05:13:05
132,u133,p133,books,22.55,5,2025-11-24T19:09:49
133,u134,p134,clothing,38.16,5,2025-11-25T01:31:10
134,u135,p135,sports,79.33,2,2025-11-05T23:55:48
135,u136,p136,electronics,912.91,1,2025-11-23T20:02:08
136,u137,p137,sports,176.0,1,2025-11-11T09:14:34
137,u138,p138,books,15.5,4,2025-11-09T20:20:04
138,u139,p139,books,41.21,3,2025-11-09T11:29:18
139,u140,p140,home,339.83,1,2025-11-18T16:18:01
140,u141,p141,home,56.17,1,2025-11-19T14:22:09
141,u142,p142,clothing,123.67,2,2025-11-07T03:08:24
142,u143,p143,books,73.21,3,2025-11-27T02:15:48
143,u144,p144,home,304.46,1,2025-11-21T10:06:57
144,u145,p145,electronics,817.66,3,2025-11-05T12:07:00
145,u146,p146,home,310.03,2,2025-11-21T08:08:43
146,u147,p147,sports,129.94,3,2025-11-17T23:08:31
147,u148,p148,home,485.68,4,2025-11-09T17:32:55
148,u149,p149,sports,201.33,5,2025-11-17T22:17:07
149,u150,p150,clothing,129.67,1,2025-11-11T15:18:28
150,u151,p151,home,121.74,1,2025-11-14T03:44:30
151,u152,p152,electronics,117.43,2,2025-11-14T13:07:08
152,u153,p153,clothing,36.1,3,2025-11-21T20:46:30
153,u154,p154,electronics,455.25,4,2025-11-08T19:29:54
154,u155,p155,books,68.5,4,2025-11-02T04:08:05
155,u156,p156,home,26.63,3,2025-11-07T23:27:07
156,u157,p157,books,11.72,5,2025-11-01T20:16:49
157,u158,p158,home,201.86,2,2025-11-02T15:13:08
158,u159,p159,books,67.61,3,2025-11-03T02:18:52
159,u160,p160,books,45.93,4,2025-11-15T15:51:51
160,u161,p161,home,57.84,1,2025-11-09T21:49:07
161,u162,p162,home,439.44,5,2025-11-25T10:10:46
162,u163,p163,electronics,950.95,4,2025-11-11T16:32:04
163,u164,p164,home,90.43,3,2025-11-19T11:59:55
164,u165,p165,home,365.98,5,2025-11-01T06:13:28
165,u166,p166,home,435.51,4,2025-11-14T17:53:46
166,u167,p167,sports,74.63,5,2025-11-17T21:28:02
167,u168,p168,clothing,78.19,3,2025-11-19T02:44:16
168,u169,p169,home,438.52,1,2025-11-07T12:47:16
169,u170,p170,sports,17.27,1,2025-11-21T08:22:11
170,u171,p171,sports,228.09,2,2025-11-27T00:15:25
171,u172,p172,sports,296.3,1,2025-11-01T06:17:01
172,u173,p173,books,31.55,4,2025-11-30T21:10:57
173,u174,p174,electronics,278.97,2,2025-11-15T06:47:01
174,u175,p175,electronics,691.89,5,2025-11-16T04:28:34
175,u176,p176,books,31.09,1,2025-11-06T12:27:46
176,u177,p177,electronics,919.17,1,2025-11-18T13:09:43
177,u178,p178,home,289.4,2,2025-11-25T18:42:02
178,u179,p179,books,63.76,3,2025-11-26T06:19:50
179,u180,p180,clothing,114.89,4,2025-11-22T22:18:13
180,u181,p181,books,16.33,2,2025-11-06T07:08:06
181,u182,p182,electronics,205.09,5,2025-11-23T11:01:44
182,u183,p183,books,31.16,5,2025-11-24T04:13:33
183,u184,p184,electronics,761.63,1,2025-11-05T07:54:54
184,u185,p185,clothing,16.61,3,2025-11-23T12:37:28
185,u186,p186,home,285.95,2,2025-11-19T23:06:16
186,u187,p187,sports,35.53,4,2025-11-21T01:25:31
187,u188,p188,home,430.75,5,2025-11-08T04:12:47
188,u189,p189,electronics,668.6,3,2025-11-27T10:44:59
189,u190,p190,electronics,809.54,1,2025-11-11T17:02:20
190,u191,p191,books,43.96,5,2025-11-16T10:14:25
191,u192,p192,electronics,803.58,5,2025-11-29T19:43:54
192,u193,p193,clothing,186.1,5,2025-11-15T12:16:11
193,u194,p194,sports,73.03,3,2025-11-05T01:30:50
194,u195,p195,home,255.16,3,2025-11-09T09:23:24
195,u196,p196,clothing,68.45,4,2025-11-04T17:12:39
196,u197,p197,sports,92.04,5,2025-11-02T04:52:52
197,u198,p198,sports,298.12,1,2025-11-26T11:40:04
198,u199,p199,home,370.46,5,2025-11-10T21:29:17
199,u200,p200,sports,171.64,3,2025-11-19T20:42:00
200,u001,p201,clothing,64.42,1,2025-11-28T22:18:00
201,u002,p202,home,341.23,3,2025-11-07T08:19:45
202,u003,p203,books,61.34,1,2025-11-10T14:57:35
203,u004,p204,books,48.48,3,2025-11-06T01:17:15
204,u005,p205,books,16.07,2,2025-11-27T05:29:50
205,u006,p206,sports,272.72,3,2025-11-22T09:05:50
206,u007,p207,clothing,17.05,5,2025-11-05T00:14:20
207,u008,p208,electronics,933.18,3,2025-11-02T11:14:08
208,u009,p209,home,386.28,3,2025-11-17T04:27:34
209,u010,p210,books,53.89,2,2025-11-30T18:38:07
210,u011,p211,home,465.86,3,2025-11-12T10:59:20
211,u012,p212,clothing,135.76,5,2025-11-01T15:51:15
212,u013,p213,electronics,275.91,4,2025-11-21T05:25:54
213,u014,p214,clothing,174.16,3,2025-11-07T07:59:32
214,u015,p215,home,106.69,1,2025-11-08T07:06:24
215,u016,p216,home,265.88,4,2025-11-25T18:28:38
216,u017,p217,clothing,32.63,1,2025-11-29T22:05:54
217,u018,p218,home,360.32,5,2025-11-18T16:48:01
218,u019,p219,home,272.36,2,2025-11-21T00:16:12
219,u020,p220,clothing,127.48,4,2025-11-22T16:12:59
220,u021,p221,home,462.2,2,2025-11-23T02:37:59
221,u022,p222,home,442.32,4,2025-11-03T18:33:22
222,u023,p223,clothing,168.09,3,2025-11-10T10:34:31
223,u024,p224,electronics,799.2,1,2025-11-29T05:10:23
224,u025,p225,home,407.37,4,2025-11-30T03:18:20
225,u026,p226,clothing,56.76,2,2025-11-28T23:52:50
226,u027,p227,electronics,82.59,2,2025-11-04T21:43:55
227,u028,p228,sports,120.78,1,2025-11-02T02:15:39
228,u029,p229,home,331.85,1,2025-11-12T00:00:01
229,u030,p230,electronics,458.1,4,2025-11-20T06:31:06
230,u031,p231,books,58.38,4,2025-11-02T19:53:59
231,u032,p232,sports,87.71,4,2025-11-27T03:12:08
232,u033,p233,home,210.91,2,2025-11-11T16:26:45
233,u034,p234,electronics,439.69,5,2025-11-25T21:19:42
234,u035,p235,books,20.33,4,2025-11-16T00:23:47
235,u036,p236,sports,273.05,5,2025-11-21T20:10:50
236,u037,p237,sports,15.05,3,2025-11-28T15:50:44
237,u038,p238,clothing,22.48,2,2025-11-25T10:19:28
238,u039,p239,electronics,415.13,1,2025-11-11T11:57:10
239,u040,p240,electronics,531.58,2,2025-11-19T06:33:28
240,u041,p241,home,219.28,2,2025-11-22T13:35:51
241,u042,p242,clothing,70.03,1,2025-11-28T13:22:23
242,u043,p243,books,34.32,2,2025-11-03T01:43:31
243,u044,p244,books,74.32,4,2025-11-08T20:33:41
244,u045,p245,books,53.68,4,2025-11-30T12:57:45
245,u046,p246,books,44.77,2,2025-11-10T09:09:49
246,u047,p247,sports,115.2,5,2025-11-27T05:14:18
247,u048,p248,clothing,33.1,1,2025-11-01T17:20:15
248,u049,p249,sports,81.71,4,2025-11-05T06:11:43
249,u050,p250,sports,281.84,2,2025-11-25T12:39:38
250,u051,p251,books,31.31,4,2025-11-30T04:42:05
251,u052,p252,sports,136.86,4,2025-11-24T14:08:54
252,u053,p253,books,62.67,1,2025-11-18T06:51:22
253,u054,p254,home,48.17,2,2025-11-07T05:56:44
254,u055,p255,clothing,194.4,3,2025-11-18T12:22:08
255,u056,p256,clothing,48.96,4,2025-11-19T13:02:44
256,u057,p257,electronics,692.57,3,2025-11-28T14:15:28
257,u058,p258,clothing,25.75,5,2025-11-22T13:46:03
258,u059,p259,clothing,96.85,1,2025-11-10T08:25:59
259,u060,p260,clothing,172.34,5,2025-11-13T03:37:31
260,u061,p261,electronics,663.05,5,2025-11-07T12:13:07
261,u062,p262,electronics,530.65,4,2025-11-11T15:52:43
262,u063,p263,clothing,117.19,4,2025-11-01T08:38:09
263,u064,p264,electronics,240.18,2,2025-11-17T10:29:43
264,u065,p265,home,205.07,1,2025-11-02T01:37:44
265,u066,p266,clothing,115.75,4,2025-11-01T12:05:45
266,u067,p267,electronics,104.12,1,2025-11-18T12:54:39
267,u068,p268,electronics,866.02,4,2025-11-24T19:46:17
268,u069,p269,sports,175.24,2,2025-11-19T11:13:18
269,u070,p270,books,17.93,1,2025-11-02T17:30:24
270,u071,p271,clothing,185.73,5,2025-11-28T18:18:40
271,u072,p272,clothing,26.69,2,2025-11-23T14:08:37
272,u073,p273,home,485.05,1,2025-11-05T17:12:00
273,u074,p274,electronics,703.2,4,2025-11-22T23:14:11
274,u075,p275,electronics,304.52,5,2025-11-21T14:12:57
275,u076,p276,clothing,73.07,2,2025-11-27T14:34:58
276,u077,p277,books,54.47,5,2025-11-17T20:20:26
277,u078,p278,sports,190.51,1,2025-11-27T12:18:58
278,u079,p279,books,79.55,3,2025-11-01T06:20:31
279,u080,p280,sports,122.76,1,2025-11-02T11:40:44
280,u081,p281,electronics,892.95,2,2025-11-01T22:24:35
281,u082,p282,home,130.08,5,2025-11-16T17:39:53
282,u083,p283,home,42.15,5,2025-11-08T02:56:47
283,u084,p284,electronics,882.66,2,2025-11-22T01:40:01
284,u085,p285,electronics,80.82,3,2025-11-09T12:28:28
285,u086,p286,books,20.99,4,2025-11-01T11:29:30
286,u087,p287,clothing,79.19,3,2025-11-16T04:17:22
287,u088,p288,clothing,92.81,5,2025-11-06T21:28:55
288,u089,p289,sports,162.94,4,2025-11-06T18:49:38
289,u090,p290,books,50.11,2,2025-11-10T13:44:29
290,u091,p291,home,49.77,5,2025-11-19T05:11:00
291,u092,p292,clothing,162.07,2,2025-11-29T13:45:32
292,u093,p293,books,35.06,4,2025-11-06T09:26:01
293,u094,p294,electronics,494.42,1,2025-11-18T13:28:18
294,u095,p295,clothing,19.0,4,2025-11-21T18:48:23
295,u096,p296,books,67.69,3,2025-11-23T05:46:21
296,u097,p297,home,322.04,1,2025-11-09T20:01:41
297,u098,p298,books,8.34,5,2025-11-19T13:27:50
298,u099,p299,sports,21.2,5,2025-11-08T06:06:45
299,u100,p300,clothing,136.5,1,2025-11-06T11:40:56
300,u101,p301,home,59.33,4,2025-11-16T19:06:00
301,u102,p302,clothing,73.01,2,2025-11-14T10:32:36
302,u103,p303,books,45.84,5,2025-11-01T17:58:07
303,u104,p304,electronics,784.37,4,2025-11-18T00:12:21
304,u105,p305,home,261.69,1,2025-11-30T01:40:45
305,u106,p306,home,485.08,2,2025-11-10T15:41:05
306,u107,p307,electronics,893.76,2,2025-11-10T13:55:37
307,u108,p308,electronics,631.88,3,2025-11-13T00:42:41
308,u109,p309,home,206.37,3,2025-11-02T17:24:57
309,u110,p310,clothing,151.27,3,2025-11-18T03:57:10
310,u111,p311,books,31.31,5,2025-11-11T07:57:52
311,u112,p312,clothing,129.76,2,2025-11-21T05:47:14
312,u113,p313,sports,72.07,5,2025-11-14T07:44:24
313,u114,p314,electronics,179.49,2,2025-11-05T21:45:11
314,u115,p315,sports,170.63,2,2025-11-18T05:42:39
315,u116,p316,books,43.23,4,2025-11-08T19:16:26
316,u117,p317,electronics,761.84,4,2025-11-17T07:58:44
317,u118,p318,electronics,629.36,2,2025-11-22T21:24:45
318,u119,p319,sports,254.84,1,2025-11-29T09:54:24
319,u120,p320,books,62.42,1,2025-11-18T19:10:02
320,u121,p321,clothing,44.56,2,2025-11-11T10:43:32
321,u122,p322,sports,241.05,3,2025-11-13T06:08:48
322,u123,p323,sports,76.18,2,2025-11-19T01:09:48
323,u124,p324,sports,36.66,5,2025-11-08T08:00:40
324,u125,p325,electronics,199.86,2,2025-11-20T15:29:37
325,u126,p326,home,480.71,2,2025-11-24T10:12:49
326,u127,p327,electronics,834.77,4,2025-11-23T02:55:56
327,u128,p328,books,79.07,4,2025-11-27T23:57:58
328,u129,p329,clothing,53.39,3,2025-11-04T19:49:14
329,u130,p330,home,114.54,5,2025-11-13T05:59:33
330,u131,p331,electronics,305.37,2,2025-11-13T17:42:15
331,u132,p332,books,43.05,5,2025-11-16T18:49:35
332,u133,p333,clothing,189.9,1,2025-11-20T12:08:48
333,u134,p334,clothing,53.18,1,2025-11-28T22:40:10
334,u135,p335,electronics,967.8,1,2025-11-02T07:08:41
335,u136,p336,electronics,936.76,2,2025-11-27T10:48:57
336,u137,p337,books,35.29,2,2025-11-15T09:04:12
337,u138,p338,sports,164.88,2,2025-11-20T16:39:48
338,u139,p339,clothing,77.85,3,2025-11-07T11:17:11
339,u140,p340,home,133.04,4,2025-11-16T11:33:28
340,u141,p341,sports,272.99,5,2025-11-08T21:47:19
341,u142,p342,clothing,54.29,3,2025-11-09T21:29:16
342,u143,p343,sports,185.73,1,2025-11-27T01:20:26
343,u144,p344,home,205.96,1,2025-11-03T00:16:38
344,u145,p345,clothing,56.51,4,2025-11-19T18:51:47
345,u146,p346,sports,114.01,5,2025-11-03T18:50:33
346,u147,p347,home,258.11,2,2025-11-04T10:11:12
347,u148,p348,electronics,52.76,1,2025-11-05T13:35:15
348,u149,p349,electronics,795.04,4,2025-11-09T11:58:06
349,u150,p350,clothing,80.17,5,2025-11-20T01:20:06
350,u151,p351,home,197.21,2,2025-11-06T12:46:36
351,u152,p352,electronics,429.56,4,2025-11-19T05:11:40
352,u153,p353,home,486.86,1,2025-11-02T09:43:51
353,u154,p354,home,139.3,1,2025-11-14T08:16:01
354,u155,p355,clothing,162.88,4,2025-11-17T20:02:45
355,u156,p356,books,76.37,2,2025-11-04T03:26:54
356,u157,p357,electronics,819.6,3,2025-11-03T05:53:54
357,u158,p358,sports,21.07,5,2025-11-18T18:03:37
358,u159,p359,clothing,145.48,3,2025-11-20T03:38:42
359,u160,p360,electronics,511.55,2,2025-11-24T09:39:07
360,u161,p361,sports,227.22,3,2025-11-18T12:14:55
361,u162,p362,clothing,86.41,1,2025-11-02T12:49:28
362,u163,p363,clothing,108.55,1,2025-11-29T12:51:37
363,u164,p364,sports,160.58,4,2025-11-01T02:36:01
364,u165,p365,books,43.26,4,2025-11-09T18:32:33
365,u166,p366,electronics,817.9,4,2025-11-19T03:29:36
366,u167,p367,sports,240.46,2,2025-11-29T09:52:47
367,u168,p368,clothing,72.57,5,2025-11-06T17:25:43
368,u169,p369,clothing,21.09,5,2025-11-28T02:28:31
369,u170,p370,clothing,95.86,2,2025-11-06T14:03:50
370,u171,p371,sports,158.49,5,2025-11-10T10:05:08
371,u172,p372,electronics,830.26,5,2025-11-05T15:24:48
372,u173,p373,sports,129.35,4,2025-11-16T22:10:09
373,u174,p374,books,40.09,3,2025-11-19T01:33:20
374,u175,p375,sports,52.3,5,2025-11-19T09:48:30
375,u176,p376,books,78.14,4,2025-11-29T14:27:34
376,u177,p377,electronics,175.13,3,2025-11-12T20:30:03
377,u178,p378,home,306.14,2,2025-11-26T23:04:45
378,u179,p379,electronics,829.69,3,2025-11-25T01:50:08
379,u180,p380,electronics,758.1,3,2025-11-23T14:06:39
380,u181,p381,books,15.04,5,2025-11-09T16:38:08
381,u182,p382,books,31.2,4,2025-11-06T05:22:14
382,u183,p383,home,484.43,3,2025-11-02T14:43:55
383,u184,p384,sports,98.25,4,2025-11-08T02:07:27
384,u185,p385,sports,117.27,3,2025-11-28T06:45:45
385,u186,p386,clothing,80.2,1,2025-11-25T08:18:40
386,u187,p387,sports,49.25,1,2025-11-26T10:54:44
387,u188,p388,books,34.72,2,2025-11-24T08:40:48
388,u189,p389,clothing,130.78,3,2025-11-07T23:35:44
389,u190,p390,electronics,905.99,1,2025-11-11T03:56:35
390,u191,p391,books,62.42,4,2025-11-09T23:11:15
391,u192,p392,books,17.3,3,2025-11-14T19:46:18
392,u193,p393,electronics,943.22,5,2025-11-24T14:01:30
393,u194,p394,clothing,151.68,2,2025-11-30T22:23:14
394,u195,p395,home,148.28,2,2025-11-12T21:46:43
395,u196,p396,home,234.01,2,2025-11-30T03:55:08
396,u197,p397,clothing,141.27,2,2025-11-25T15:02:53
397,u198,p398,home,491.51,4,2025-11-12T00:53:50
398,u199,p399,books,69.95,4,2025-11-02T07:12:35
399,u200,p400,books,43.64,4,2025-11-04T14:51:51
400,u001,p401,clothing,10.74,4,2025-11-09T14:58:14
401,u002,p402,home,152.37,5,2025-11-05T09:13:50
402,u003,p403,home,253.83,5,2025-11-20T17:37:16
403,u004,p404,home,130.21,5,2025-11-29T11:22:09
404,u005,p405,clothing,125.19,1,2025-11-10T00:48:03
405,u006,p406,home,115.58,4,2025-11-04T05:32:16
406,u007,p407,home,252.54,3,2025-11-29T03:07:12
407,u008,p408,clothing,196.64,5,2025-11-16T00:39:04
408,u009,p409,books,71.31,3,2025-11-11T06:03:37
409,u010,p410,home,309.73,3,2025-11-26T08:51:37
410,u011,p411,home,199.04,5,2025-11-06T21:52:46
411,u012,p412,electronics,530.67,3,2025-11-13T17:43:23
412,u013,p413,clothing,167.54,2,2025-11-18T04:18:32
413,u014,p414,sports,44.87,3,2025-11-30T10:03:40
414,u015,p415,books,47.35,1,2025-11-28T08:04:44
415,u016,p416,electronics,740.07,5,2025-11-30T18:02:40
416,u017,p417,home,178.91,2,2025-11-01T16:55:45
417,u018,p418,sports,165.13,3,2025-11-07T09:50:10
418,u019,p419,clothing,116.62,5,2025-11-03T20:45:29
419,u020,p420,electronics,256.73,5,2025-11-04T02:37:54
420,u021,p421,sports,57.13,3,2025-11-21T12:04:56
421,u022,p422,books,14.46,4,2025-11-02T16:26:25
422,u023,p423,sports,142.4,3,2025-11-29T05:31:46
423,u024,p424,electronics,631.89,3,2025-11-12T22:11:54
424,u025,p425,home,180.64,3,2025-11-25T05:05:39
425,u026,p426,sports,244.91,1,2025-11-01T09:30:30
426,u027,p427,home,74.22,1,2025-11-12T20:36:36
427,u028,p428,books,42.48,1,2025-11-29T05:25:55
428,u029,p429,home,396.48,2,2025-11-10T05:33:50
429,u030,p430,sports,123.68,1,2025-11-20T20:19:33
430,u031,p431,sports,21.91,5,2025-11-19T07:39:13
431,u032,p432,electronics,632.34,2,2025-11-11T07:09:23
432,u033,p433,sports,210.45,4,2025-11-11T13:30:25
433,u034,p434,clothing,183.56,2,2025-11-23T01:56:09
434,u035,p435,electronics,971.51,3,2025-11-24T03:23:14
435,u036,p436,electronics,863.79,1,2025-11-29T16:38:45
436,u037,p437,sports,251.13,4,2025-11-19T17:35:44
437,u038,p438,home,266.62,5,2025-11-05T05:52:26
438,u039,p439,sports,193.11,3,2025-11-19T07:15:23
439,u040,p440,electronics,568.69,4,2025-11-25T04:25:33
440,u041,p441,sports,25.34,1,2025-11-13T03:25:11
441,u042,p442,books,12.57,1,2025-11-23T04:02:22
442,u043,p443,electronics,300.74,2,2025-11-15T20:27:32
443,u044,p444,clothing,110.94,4,2025-11-18T12:32:40
444,u045,p445,clothing,11.43,3,2025-11-27T12:20:47
445,u046,p446,home,317.96,3,2025-11-23T23:53:13
446,u047,p447,electronics,956.45,2,2025-11-10T15:41:11
447,u048,p448,clothing,113.66,4,2025-11-25T17:12:28
448,u049,p449,clothing,110.4,4,2025-11-16T09:38:22
449,u050,p450,sports,96.43,5,2025-11-16T07:47:59
450,u051,p451,home,293.79,4,2025-11-17T20:20:08
451,u052,p452,clothing,80.94,5,2025-11-20T03:50:46
452,u053,p453,home,443.83,2,2025-11-11T17:16:27
453,u054,p454,clothing,128.57,4,2025-11-23T23:50:15
454,u055,p455,home,65.42,3,2025-11-30T08:56:23
455,u056,p456,home,242.12,1,2025-11-10T11:33:13
456,u057,p457,books,61.05,3,2025-11-12T19:53:28
457,u058,p458,electronics,278.12,4,2025-11-09T23:05:11
458,u059,p459,home,127.89,1,2025-11-26T18:10:05
459,u060,p460,clothing,155.88,2,2025-11-20T23:05:38
460,u061,p461,home,323.13,2,2025-11-27T00:11:29
461,u062,p462,electronics,979.99,4,2025-11-21T18:45:10
462,u063,p463,electronics,621.48,4,2025-11-22T20:16:43
463,u064,p464,home,265.0,1,2025-11-06T06:04:49
464,u065,p465,electronics,448.07,1,2025-11-09T01:39:36
465,u066,p466,sports,147.71,2,2025-11-08T07:44:40
466,u067,p467,electronics,345.2,2,2025-11-02T04:33:51
467,u068,p468,electronics,172.95,1,2025-11-05T21:21:02
468,u069,p469,clothing,47.4,4,2025-11-24T13:01:16
469,u070,p470,sports,143.6,3,2025-11-28T22:22:06
470,u071,p471,books,11.64,5,2025-11-01T13:34:19
471,u072,p472,books,44.79,1,2025-11-16T10:48:59
472,u073,p473,books,19.65,5,2025-11-18T10:14:45
473,u074,p474,home,449.35,3,2025-11-13T06:12:11
474,u075,p475,books,66.16,5,2025-11-20T02:59:14
475,u076,p476,clothing,123.93,1,2025-11-08T20:22:44
476,u077,p477,sports,269.43,1,2025-11-16T09:05:32
477,u078,p478,books,26.98,5,2025-11-13T06:18:43
478,u079,p479,home,224.49,2,2025-11-12T03:15:48
479,u080,p480,clothing,20.66,5,2025-11-15T14:52:47
480,u081,p481,books,23.29,1,2025-11-08T17:30:51
481,u082,p482,electronics,139.28,2,2025-11-22T10:02:00
482,u083,p483,sports,51.46,4,2025-11-07T03:24:58
483,u084,p484,electronics,148.47,3,2025-11-11T18:22:35
484,u085,p485,electronics,299.6,1,2025-11-13T17:39:45
485,u086,p486,sports,109.93,1,2025-11-15T00:45:49
486,u087,p487,electronics,671.03,1,2025-11-25T17:22:25
487,u088,p488,sports,127.55,4,2025-11-04T14:54:44
488,u089,p489,home,484.5,1,2025-11-08T12:10:07
489,u090,p490,books,30.57,2,2025-11-09T14:09:20
490,u091,p491,electronics,752.83,5,2025-11-29T08:17:06
491,u092,p492,books,36.49,2,2025-11-25T11:52:54
492,u093,p493,books,73.03,1,2025-11-30T06:14:13
493,u094,p494,clothing,75.08,2,2025-11-09T05:28:58
494,u095,p495,electronics,75.3,4,2025-11-26T00:47:43
495,u096,p496,books,16.6,3,2025-11-09T11:52:04
496,u097,p497,sports,64.07,5,2025-11-21T00:39:41
497,u098,p498,clothing,53.75,3,2025-11-30T23:42:51
498,u099,p499,sports,251.32,4,2025-11-05T13:36:13
499,u100,p500,home,275.55,4,2025-11-16T10:50:43
500,u101,p001,sports,82.33,3,2025-11-09T10:32:50
501,u102,p002,home,356.28,4,2025-11-13T00:46:04
502,u103,p003,clothing,19.39,5,2025-11-11T00:06:27
503,u104,p004,clothing,163.98,3,2025-11-18T08:45:26
504,u105,p005,sports,46.7,2,2025-11-17T07:47:53
505,u106,p006,sports,175.75,1,2025-11-05T10:44:09
506,u107,p007,clothing,33.03,1,2025-11-19T13:37:34
507,u108,p008,home,247.04,4,2025-11-06T01:59:48
508,u109,p009,home,306.62,1,2025-11-19T06:50:35
509,u110,p010,sports,29.07,5,2025-11-20T10:15:16
510,u111,p011,sports,56.75,2,2025-11-26T15:40:45
511,u112,p012,sports,255.32,2,2025-11-24T20:27:18
512,u113,p013,books,79.91,3,2025-11-20T23:06:41
513,u114,p014,books,7.87,2,2025-11-17T07:19:03
514,u115,p015,books,37.74,3,2025-11-16T08:08:16
515,u116,p016,clothing,72.69,3,2025-11-11T14:08:30
516,u117,p017,electronics,501.23,2,2025-11-04T14:15:15
517,u118,p018,electronics,913.57,5,2025-11-05T21:55:39
518,u119,p019,electronics,177.81,3,2025-11-03T12:48:09
519,u120,p020,clothing,63.98,3,2025-11-28T20:54:28
520,u121,p021,home,350.16,4,2025-11-23T20:18:13
521,u122,p022,electronics,340.57,3,2025-11-05T10:56:31
522,u123,p023,books,43.58,5,2025-11-03T20:37:02
523,u124,p024,clothing,164.04,3,2025-11-19T20:47:21
524,u125,p025,books,43.42,1,2025-11-17T07:32:13
525,u126,p026,clothing,55.97,3,2025-11-25T12:37:47
526,u127,p027,sports,120.74,2,2025-11-23T23:39:21
527,u128,p028,books,38.6,4,2025-11-21T22:15:49
528,u129,p029,electronics,869.69,3,2025-11-09T17:09:38
529,u130,p030,clothing,183.37,5,2025-11-09T02:01:45
530,u131,p031,books,39.98,2,2025-11-04T06:28:13
531,u132,p032,home,239.81,5,2025-11-22T18:07:46
532,u133,p033,home,373.05,4,2025-11-05T07:49:44
533,u134,p034,clothing,102.01,4,2025-11-04T22:22:15
534,u135,p035,home,158.88,5,2025-11-24T19:46:35
535,u136,p036,electronics,253.92,2,2025-11-19T23:21:38
536,u137,p037,sports,272.52,2,2025-11-05T01:20:53
537,u138,p038,clothing,77.04,5,2025-11-17T03:33:07
538,u139,p039,sports,264.05,1,2025-11-10T07:39:53
539,u140,p040,books,55.07,5,2025-11-26T07:15:00
540,u141,p041,sports,172.07,5,2025-11-26T13:23:07
541,u142,p042,home,349.02,3,2025-11-15T17:05:21
542,u143,p043,clothing,76.91,5,2025-11-24T00:20:39
543,u144,p044,electronics,484.78,3,2025-11-18T23:32:28
544,u145,p045,books,55.9,4,2025-11-02T04:27:43
545,u146,p046,books,20.05,2,2025-11-18T21:39:57
546,u147,p047,sports,294.91,1,2025-11-28T09:41:47
547,u148,p048,sports,152.98,2,2025-11-21T07:57:44
548,u149,p049,books,7.87,1,2025-11-02T10:59:13
549,u150,p050,sports,261.09,3,2025-11-03T18:03:40
550,u151,p051,home,326.3,5,2025-11-27T05:16:43
551,u152,p052,electronics,108.62,3,2025-11-22T21:54:10
552,u153,p053,home,241.02,1,2025-11-28T01:39:55
553,u154,p054,home,260.84,4,2025-11-05T03:39:37
554,u155,p055,electronics,186.77,4,2025-11-28T03:50:39
555,u156,p056,sports,19.45,1,2025-11-07T08:45:45
556,u157,p057,books,7.31,4,2025-11-07T06:23:45
557,u158,p058,clothing,38.11,4,2025-11-10T08:33:23
558,u159,p059,books,71.0,5,2025-11-08T08:03:22
559,u160,p060,home,451.83,2,2025-11-24T15:16:46
560,u161,p061,books,55.84,2,2025-11-10T05:45:11
561,u162,p062,clothing,133.24,4,2025-11-08T14:29:57
562,u163,p063,electronics,533.22,4,2025-11-04T19:26:10
563,u164,p064,sports,132.95,1,2025-11-27T01:42:48
564,u165,p065,books,48.18,4,2025-11-05T18:08:54
565,u166,p066,clothing,154.89,4,2025-11-23T16:56:05
566,u167,p067,electronics,418.76,1,2025-11-04T13:15:02
567,u168,p068,home,476.2,2,2025-11-13T04:49:24
568,u169,p069,books,10.54,3,2025-11-07T21:30:16
569,u170,p070,electronics,307.12,1,2025-11-20T12:48:22
570,u171,p071,electronics,276.41,3,2025-11-23T17:34:25
571,u172,p072,home,251.43,4,2025-11-16T17:37:37
572,u173,p073,sports,98.9,3,2025-11-03T21:29:16
573,u174,p074,electronics,785.76,2,2025-11-17T10:11:47
574,u175,p075,home,414.05,4,2025-11-25T12:32:53
575,u176,p076,electronics,325.68,3,2025-11-20T16:18:36
576,u177,p077,electronics,948.94,2,2025-11-03T14:46:27
577,u178,p078,clothing,34.86,4,2025-11-08T02:08:03
578,u179,p079,clothing,179.19,3,2025-11-25T02:31:00
579,u180,p080,sports,97.27,4,2025-11-25T13:34:45
580,u181,p081,electronics,425.77,1,2025-11-17T14:46:42
581,u182,p082,books,40.42,5,2025-11-29T08:43:18
582,u183,p083,electronics,824.22,2,2025-11-02T17:11:25
583,u184,p084,books,23.08,1,2025-11-13T10:18:57
584,u185,p085,home,486.33,3,2025-11-28T03:13:15
585,u186,p086,sports,265.91,1,2025-11-03T07:52:47
586,u187,p087,home,40.76,4,2025-11-28T12:14:32
587,u188,p088,sports,237.46,5,2025-11-06T07:59:23
588,u189,p089,home,109.74,2,2025-11-16T04:10:50
589,u190,p090,sports,138.63,3,2025-11-04T13:05:13
590,u191,p091,home,125.49,1,2025-11-10T15:07:00
591,u192,p092,electronics,535.69,5,2025-11-17T18:23:11
592,u193,p093,clothing,188.09,3,2025-11-15T14:25:05
593,u194,p094,home,24.82,4,2025-11-08T11:23:00
594,u195,p095,electronics,297.63,4,2025-11-05T10:00:29
595,u196,p096,sports,240.44,5,2025-11-03T19:42:15
596,u197,p097,books,13.7,1,2025-11-27T00:15:56
597,u198,p098,sports,263.03,1,2025-11-06T04:42:43
598,u199,p099,clothing,96.78,2,2025-11-03T06:42:30
599,u200,p100,books,10.99,2,2025-11-06T12:50:10
600,u001,p101,books,69.39,5,2025-11-14T06:47:09
601,u002,p102,books,12.69,2,2025-11-21T21:26:30
602,u003,p103,clothing,61.91,1,2025-11-02T06:27:14
603,u004,p104,books,63.43,2,2025-11-26T18:05:57
604,u005,p105,clothing,35.32,3,2025-11-11T14:29:12
605,u006,p106,electronics,148.48,1,2025-11-14T21:38:25
606,u007,p107,electronics,68.09,5,2025-11-27T01:31:17
607,u008,p108,electronics,831.21,1,2025-11-03T04:44:25
608,u009,p109,books,33.12,3,2025-11-10T09:48:32
609,u010,p110,sports,157.42,3,2025-11-18T07:13:42
610,u011,p111,electronics,791.15,1,2025-11-22T07:00:37
611,u012,p112,clothing,175.43,2,2025-11-25T14:27:50
612,u013,p113,sports,197.82,1,2025-11-02T15:33:20
613,u014,p114,clothing,21.26,5,2025-11-22T22:44:58
614,u015,p115,electronics,970.1,1,2025-11-08T00:22:06
615,u016,p116,home,130.71,3,2025-11-14T01:42:22
616,u017,p117,home,486.27,2,2025-11-24T08:29:39
617,u018,p118,home,449.61,4,2025-11-13T09:11:55
618,u019,p119,clothing,142.24,5,2025-11-13T13:53:05
619,u020,p120,clothing,121.82,3,2025-11-12T19:54:16
620,u021,p121,electronics,77.2,2,2025-11-12T01:30:53
621,u022,p122,books,63.95,2,2025-11-05T11:02:16
622,u023,p123,sports,160.62,2,2025-11-26T09:15:04
623,u024,p124,home,341.69,2,2025-11-02T21:49:43
624,u025,p125,books,21.4,4,2025-11-15T05:15:02
625,u026,p126,books,31.16,4,2025-11-21T01:50:41
626,u027,p127,home,274.35,1,2025-11-06T12:03:03
627,u028,p128,books,60.56,5,2025-11-25T02:36:45
628,u029,p129,sports,180.12,5,2025-11-05T18:48:22
629,u030,p130,sports,171.31,1,2025-11-21T00:08:32
630,u031,p131,electronics,401.07,5,2025-11-21T05:41:26
631,u032,p132,home,281.08,3,2025-11-17T16:27:44
632,u033,p133,home,427.73,1,2025-11-16T05:12:03
633,u034,p134,home,434.08,1,2025-11-20T03:57:32
634,u035,p135,electronics,557.89,3,2025-11-17T06:13:37
635,u036,p136,electronics,437.25,5,2025-11-04T20:29:08
636,u037,p137,clothing,17.17,4,2025-11-22T12:38:34
637,u038,p138,sports,86.48,5,2025-11-18T08:01:29
638,u039,p139,sports,66.08,3,2025-11-10T16:08:52
639,u040,p140,sports,211.15,5,2025-11-07T16:18:20
640,u041,p141,electronics,961.48,4,2025-11-01T12:39:24
641,u042,p142,sports,97.39,4,2025-11-28T02:04:06
642,u043,p143,electronics,644.15,4,2025-11-21T04:28:44
643,u044,p144,home,375.19,2,2025-11-03T12:17:26
644,u045,p145,home,270.57,2,2025-11-04T09:22:48
645,u046,p146,books,76.51,2,2025-11-02T09:55:46
646,u047,p147,sports,197.45,4,2025-11-28T13:34:58
647,u048,p148,sports,78.86,5,2025-11-14T21:18:05
648,u049,p149,clothing,38.7,5,2025-11-01T16:15:13
649,u050,p150,books,56.41,1,2025-11-14T10:16:34
650,u051,p151,books,54.92,5,2025-11-30T16:47:42
651,u052,p152,electronics,226.31,3,2025-11-09T19:37:36
652,u053,p153,home,458.84,5,2025-11-15T11:36:08
653,u054,p154,home,136.53,2,2025-11-24T00:07:29
654,u055,p155,clothing,79.17,2,2025-11-19T04:00:45
655,u056,p156,electronics,854.49,4,2025-11-28T00:30:05
656,u057,p157,electronics,589.3,2,2025-11-03T06:58:09
657,u058,p158,clothing,120.3,3,2025-11-02T06:13:56
658,u059,p159,home,291.99,3,2025-11-08T15:22:01
659,u060,p160,books,75.84,2,2025-11-10T18:08:14
660,u061,p161,books,27.44,2,2025-11-02T09:19:47
661,u062,p162,electronics,328.02,2,2025-11-04T03:55:57
662,u063,p163,home,94.85,1,2025-11-15T05:25:59
663,u064,p164,clothing,49.3,5,2025-11-22T14:13:03
664,u065,p165,electronics,781.21,3,2025-11-02T02:13:36
665,u066,p166,books,10.88,2,2025-11-17T14:02:47
666,u067,p167,electronics,363.49,2,2025-11-17T18:22:02
667,u068,p168,clothing,175.64,5,2025-11-04T13:16:34
668,u069,p169,books,12.24,2,2025-11-07T00:29:13
669,u070,p170,home,148.41,3,2025-11-26T12:22:08
670,u071,p171,clothing,84.26,5,2025-11-29T14:53:15
671,u072,p172,electronics,554.52,5,2025-11-17T02:50:46
672,u073,p173,books,41.43,5,2025-11-10T21:29:37
673,u074,p174,home,395.24,3,2025-11-23T17:10:41
674,u075,p175,clothing,124.97,4,2025-11-16T10:10:39
675,u076,p176,sports,237.25,1,2025-11-20T02:05:54
676,u077,p177,books,55.94,4,2025-11-03T09:09:14
677,u078,p178,home,61.03,5,2025-11-11T04:14:02
678,u079,p179,sports,130.43,3,2025-11-09T10:43:35
679,u080,p180,home,479.17,2,2025-11-17T08:14:17
680,u081,p181,electronics,483.58,4,2025-11-30T12:08:56
681,u082,p182,home,443.89,3,2025-11-29T08:05:55
682,u083,p183,books,51.69,1,2025-11-26T09:41:00
683,u084,p184,clothing,12.42,5,2025-11-20T04:03:38
684,u085,p185,clothing,125.19,5,2025-11-01T23:27:29
685,u086,p186,sports,123.41,3,2025-11-12T00:12:42
686,u087,p187,electronics,334.96,5,2025-11-13T22:32:21
687,u088,p188,home,439.74,2,2025-11-10T00:16:08
688,u089,p189,clothing,25.58,5,2025-11-19T20:21:38
689,u090,p190,home,249.72,1,2025-11-08T11:17:01
690,u091,p191,sports,194.65,3,2025-11-22T15:11:01
691,u092,p192,home,130.39,2,2025-11-20T09:05:46
692,u093,p193,electronics,363.88,3,2025-11-26T04:45:09
693,u094,p194,sports,194.13,4,2025-11-15T23:30:59
694,u095,p195,sports,59.05,2,2025-11-14T16:30:08
695,u096,p196,clothing,77.23,4,2025-11-23T16:54:44
696,u097,p197,home,218.47,5,2025-11-23T10:47:36
697,u098,p198,sports,107.05,4,2025-11-25T13:11:24
698,u099,p199,sports,113.37,1,2025-11-27T07:51:25
699,u100,p200,home,69.89,4,2025-11-07T06:59:10
700,u101,p201,home,493.98,4,2025-11-05T14:51:15
701,u102,p202,home,206.95,3,2025-11-29T16:32:11
702,u103,p203,electronics,646.13,3,2025-11-07T14:26:41
703,u104,p204,clothing,180.82,1,2025-11-19T23:06:19
704,u105,p205,electronics,557.12,3,2025-11-12T19:20:37
705,u106,p206,home,28.1,4,2025-11-10T21:36:43
706,u107,p207,home,330.47,2,2025-11-21T11:52:07
707,u108,p208,clothing,151.22,5,2025-11-30T21:47:06
708,u109,p209,sports,52.96,3,2025-11-29T22:41:53
709,u110,p210,books,18.86,4,2025-11-15T15:32:22
710,u111,p211,clothing,83.01,4,2025-11-07T15:00:31
711,u112,p212,books,63.4,1,2025-11-11T16:12:25
712,u113,p213,home,391.09,3,2025-11-01T13:35:25
713,u114,p214,books,73.62,4,2025-11-24T21:59:51
714,u115,p215,books,37.77,5,2025-11-01T15:47:31
715,u116,p216,sports,72.47,1,2025-11-27T23:57:26
716,u117,p217,clothing,112.9,1,2025-11-26T17:15:48
717,u118,p218,electronics,122.52,2,2025-11-27T11:26:36
718,u119,p219,books,73.67,2,2025-11-17T23:58:14
719,u120,p220,home,62.04,4,2025-11-02T18:50:15
720,u121,p221,home,318.4,2,2025-11-25T03:45:07
721,u122,p222,clothing,21.77,3,2025-11-12T15:52:52
722,u123,p223,home,218.76,4,2025-11-12T22:01:48
723,u124,p224,sports,289.0,1,2025-11-08T06:07:04
724,u125,p225,sports,70.63,4,2025-11-04T02:27:50
725,u126,p226,home,95.0,4,2025-11-02T06:20:56
726,u127,p227,clothing,194.0,3,2025-11-15T15:05:46
727,u128,p228,clothing,86.12,5,2025-11-07T23:20:36
728,u129,p229,home,250.22,2,2025-11-24T12:20:34
729,u130,p230,electronics,368.35,5,2025-11-02T22:05:50
730,u131,p231,sports,91.82,2,2025-11-08T08:53:30
731,u132,p232,electronics,524.64,4,2025-11-21T04:10:49
732,u133,p233,sports,54.53,1,2025-11-28T19:45:06
733,u134,p234,electronics,741.84,5,2025-11-16T19:36:39
734,u135,p235,books,30.84,1,2025-11-07T18:58:35
735,u136,p236,books,57.39,3,2025-11-02T10:38:00
736,u137,p237,books,49.57,1,2025-11-28T09:00:38
737,u138,p238,clothing,91.05,4,2025-11-06T04:38:03
738,u139,p239,clothing,175.04,1,2025-11-25T07:48:59
739,u140,p240,home,109.25,1,2025-11-05T16:28:31
740,u141,p241,sports,89.28,5,2025-11-16T18:24:23
741,u142,p242,sports,285.42,5,2025-11-13T16:29:24
742,u143,p243,books,59.48,5,2025-11-14T05:42:12
743,u144,p244,sports,18.87,5,2025-11-19T05:06:02
744,u145,p245,home,308.32,2,2025-11-28T15:23:58
745,u146,p246,books,77.95,1,2025-11-10T17:36:45
746,u147,p247,books,47.46,1,2025-11-09T08:47:01
747,u148,p248,electronics,307.16,1,2025-11-25T01:31:15
748,u149,p249,home,315.4,1,2025-11-29T20:29:53
749,u150,p250,home,206.9,5,2025-11-25T11:47:53
750,u151,p251,books,20.38,3,2025-11-12T22:29:08
751,u152,p252,sports,70.38,3,2025-11-03T07:35:11
752,u153,p253,clothing,118.81,2,2025-11-04T15:43:06
753,u154,p254,electronics,372.38,3,2025-11-09T05:41:55
754,u155,p255,sports,163.49,3,2025-11-27T11:12:06
755,u156,p256,electronics,649.16,3,2025-11-18T06:48:13
756,u157,p257,clothing,161.79,4,2025-11-07T12:08:10
757,u158,p258,home,62.9,2,2025-11-27T03:28:17
758,u159,p259,home,249.14,1,2025-11-13T09:23:33
759,u160,p260,books,5.7,3,2025-11-02T21:15:23
760,u161,p261,electronics,100.97,3,2025-11-02T11:38:35
761,u162,p262,books,36.95,3,2025-11-30T22:06:34
762,u163,p263,clothing,29.81,4,2025-11-30T19:31:56
763,u164,p264,sports,220.01,2,2025-11-15T13:35:05
764,u165,p265,electronics,871.65,2,2025-11-19T06:28:05
765,u166,p266,electronics,698.23,3,2025-11-08T23:34:15
766,u167,p267,clothing,186.8,5,2025-11-06T01:03:26
767,u168,p268,home,88.82,4,2025-11-13T00:03:38
768,u169,p269,clothing,91.83,2,2025-11-18T20:56:54
769,u170,p270,home,408.47,4,2025-11-07T06:27:50
770,u171,p271,clothing,148.64,3,2025-11-23T02:32:04
771,u172,p272,books,12.33,4,2025-11-06T02:00:56
772,u173,p273,electronics,630.48,1,2025-11-16T02:37:26
773,u174,p274,home,490.31,2,2025-11-16T21:23:31
774,u175,p275,electronics,689.48,5,2025-11-05T18:29:02
775,u176,p276,electronics,843.63,1,2025-11-04T14:41:55
776,u177,p277,electronics,824.44,3,2025-11-21T13:50:42
777,u178,p278,home,444.12,2,2025-11-03T02:40:08
778,u179,p279,clothing,63.78,2,2025-11-28T18:44:07
779,u180,p280,clothing,118.41,3,2025-11-10T18:10:52
780,u181,p281,electronics,414.79,4,2025-11-21T19:14:55
781,u182,p282,books,67.39,4,2025-11-03T14:16:25
782,u183,p283,sports,257.14,2,2025-11-23T07:16:18
783,u184,p284,clothing,72.35,5,2025-11-28T08:47:56
784,u185,p285,home,126.8,5,2025-11-05T14:40:44
785,u186,p286,sports,42.04,5,2025-11-16T16:30:50
786,u187,p287,sports,269.57,5,2025-11-21T19:49:33
787,u188,p288,electronics,218.14,5,2025-11-21T19:42:06
788,u189,p289,electronics,982.76,2,2025-11-03T22:41:31
789,u190,p290,sports,185.67,3,2025-11-07T05:35:21
790,u191,p291,books,67.77,4,2025-11-05T07:05:33
791,u192,p292,books,30.88,1,2025-11-03T09:06:26
792,u193,p293,books,33.65,5,2025-11-08T02:54:54
793,u194,p294,electronics,973.88,3,2025-11-04T05:31:17
794,u195,p295,home,261.38,5,2025-11-30T04:53:27
795,u196,p296,sports,165.13,3,2025-11-26T04:43:57
796,u197,p297,books,62.35,3,2025-11-10T15:28:50
797,u198,p298,clothing,145.45,5,2025-11-17T12:14:39
798,u199,p299,books,44.7,5,2025-11-27T07:55:51
799,u200,p300,electronics,221.58,1,2025-11-23T12:29:55
800,u001,p301,electronics,96.2,2,2025-11-12T09:16:23
801,u002,p302,sports,160.4,1,2025-11-01T18:42:48
802,u003,p303,home,425.49,2,2025-11-25T17:14:08
803,u004,p304,books,33.3,4,2025-11-08T10:54:26
804,u005,p305,sports,104.18,5,2025-11-03T18:58:33
805,u006,p306,home,290.93,3,2025-11-12T16:12:05
806,u007,p307,sports,296.42,4,2025-11-17T16:40:11
807,u008,p308,clothing,142.03,4,2025-11-15T10:23:48
808,u009,p309,home,257.89,3,2025-11-09T22:07:59
809,u010,p310,books,30.94,3,2025-11-26T09:53:33
810,u011,p311,home,352.06,1,2025-11-06T09:41:41
811,u012,p312,books,15.86,4,2025-11-02T16:53:51
812,u013,p313,home,406.2,2,2025-11-05T20:44:33
813,u014,p314,books,73.96,4,2025-11-16T14:23:18
814,u015,p315,clothing,176.54,2,2025-11-21T13:52:18
815,u016,p316,electronics,256.71,2,2025-11-23T13:49:11
816,u017,p317,clothing,72.21,5,2025-11-23T14:37:11
817,u018,p318,clothing,48.4,1,2025-11-19T10:28:38
818,u019,p319,electronics,989.75,1,2025-11-06T10:43:04
819,u020,p320,clothing,26.78,3,2025-11-24T15:18:17
820,u021,p321,books,47.71,4,2025-11-14T12:18:51
821,u022,p322,sports,244.14,2,2025-11-09T23:06:35
822,u023,p323,books,44.27,3,2025-11-01T09:39:13
823,u024,p324,electronics,414.6,2,2025-11-24T04:00:16
824,u025,p325,sports,146.68,5,2025-11-16T18:29:52
825,u026,p326,sports,262.37,3,2025-11-25T10:47:37
826,u027,p327,home,177.09,2,2025-11-12T09:24:12
827,u028,p328,home,25.08,4,2025-11-15T03:18:02
828,u029,p329,sports,140.8,4,2025-11-13T04:37:44
829,u030,p330,books,48.34,2,2025-11-07T16:13:19
830,u031,p331,books,16.47,3,2025-11-22T22:27:36
831,u032,p332,home,290.27,4,2025-11-25T02:44:06
832,u033,p333,sports,243.79,3,2025-11-24T04:29:05
833,u034,p334,home,488.43,5,2025-11-20T05:13:27
834,u035,p335,books,41.09,1,2025-11-13T07:31:12
835,u036,p336,books,79.77,5,2025-11-15T17:39:57
836,u037,p337,sports,162.16,3,2025-11-28T18:12:08
837,u038,p338,sports,95.09,3,2025-11-14T19:22:35
838,u039,p339,electronics,508.67,2,2025-11-15T16:11:45
839,u040,p340,clothing,73.62,5,2025-11-18T23:04:45
840,u041,p341,clothing,74.22,4,2025-11-26T06:26:59
841,u042,p342,clothing,133.34,3,2025-11-26T21:47:57
842,u043,p343,home,335.99,2,2025-11-05T01:33:06
843,u044,p344,books,42.78,4,2025-11-06T05:48:37
844,u045,p345,electronics,917.71,1,2025-11-19T08:45:06
845,u046,p346,sports,38.02,4,2025-11-06T14:41:06
846,u047,p347,clothing,105.13,3,2025-11-24T00:34:35
847,u048,p348,sports,263.27,5,2025-11-19T05:43:44
848,u049,p349,sports,42.57,2,2025-11-14T08:22:08
849,u050,p350,electronics,956.77,5,2025-11-25T00:10:56
850,u051,p351,books,67.99,3,2025-11-08T15:21:28
851,u052,p352,clothing,42.21,1,2025-11-06T17:08:18
852,u053,p353,books,30.97,1,2025-11-28T01:23:18
853,u054,p354,books,22.82,5,2025-11-30T19:50:22
854,u055,p355,electronics,516.18,5,2025-11-18T06:09:43
855,u056,p356,clothing,89.41,4,2025-11-25T12:01:09
856,u057,p357,books,67.61,4,2025-11-27T11:45:29
857,u058,p358,electronics,700.29,4,2025-11-10T07:23:40
858,u059,p359,electronics,230.28,5,2025-11-03T00:52:24
859,u060,p360,home,129.46,1,2025-11-19T08:14:48
860,u061,p361,electronics,312.95,1,2025-11-28T00:10:55
861,u062,p362,home,151.19,4,2025-11-25T15:08:10
862,u063,p363,home,88.53,2,2025-11-09T08:40:37
863,u064,p364,sports,134.11,1,2025-11-22T04:33:46
864,u065,p365,home,495.52,1,2025-11-22T01:53:10
865,u066,p366,sports,64.16,4,2025-11-02T06:49:43
866,u067,p367,electronics,538.9,2,2025-11-09T23:44:10
867,u068,p368,clothing,69.76,4,2025-11-26T23:57:45
868,u069,p369,clothing,136.77,2,2025-11-23T10:26:43
869,u070,p370,books,25.24,5,2025-11-24T10:20:20
870,u071,p371,books,38.41,5,2025-11-03T08:55:38
871,u072,p372,sports,66.13,1,2025-11-30T03:44:27
872,u073,p373,home,105.63,5,2025-11-27T19:49:06
873,u074,p374,clothing,19.82,1,2025-11-10T04:07:32
874,u075,p375,electronics,393.92,3,2025-11-01T12:28:19
875,u076,p376,clothing,13.21,5,2025-11-22T14:45:04
876,u077,p377,sports,247.48,4,2025-11-05T13:05:20
877,u078,p378,books,55.14,2,2025-11-03T23:12:08
878,u079,p379,electronics,50.52,5,2025-11-14T10:21:07
879,u080,p380,clothing,47.32,5,2025-11-16T14:04:45
880,u081,p381,clothing,169.53,4,2025-11-17T08:38:23
881,u082,p382,clothing,11.46,1,2025-11-19T09:26:36
882,u083,p383,clothing,87.8,2,2025-11-19T21:53:55
883,u084,p384,clothing,23.71,3,2025-11-25T05:11:28
884,u085,p385,sports,280.46,2,2025-11-25T11:41:45
885,u086,p386,sports,84.69,2,2025-11-07T08:33:39
886,u087,p387,books,14.27,3,2025-11-04T23:51:45
887,u088,p388,clothing,102.71,2,2025-11-16T20:56:51
888,u089,p389,sports,242.0,1,2025-11-18T22:51:14
889,u090,p390,books,7.31,2,2025-11-04T03:29:16
890,u091,p391,sports,192.17,1,2025-11-25T06:49:05
891,u092,p392,electronics,341.3,3,2025-11-10T09:33:19
892,u093,p393,sports,114.12,3,2025-11-23T17:15:31
893,u094,p394,clothing,75.73,5,2025-11-17T18:17:18
894,u095,p395,electronics,964.77,1,2025-11-03T17:54:29
895,u096,p396,books,10.03,4,2025-11-17T09:12:50
896,u097,p397,home,27.58,1,2025-11-27T08:04:09
897,u098,p398,books,46.77,5,2025-11-08T06:08:22
898,u099,p399,clothing,145.01,3,2025-11-14T09:52:22
899,u100,p400,books,68.89,1,2025-11-17T17:13:01
900,u101,p401,books,32.04,3,2025-11-25T08:50:36
901,u102,p402,electronics,325.67,3,2025-11-30T03:29:00
902,u103,p403,sports,161.64,1,2025-11-09T05:19:30
903,u104,p404,home,164.94,5,2025-11-04T05:09:20
904,u105,p405,clothing,191.97,4,2025-11-25T07:33:07
905,u106,p406,clothing,185.09,3,2025-11-23T09:26:17
906,u107,p407,electronics,735.81,5,2025-11-29T23:40:06
907,u108,p408,electronics,381.85,3,2025-11-01T14:13:31
908,u109,p409,clothing,109.71,4,2025-11-08T08:35:19
909,u110,p410,clothing,160.28,3,2025-11-03T16:02:05
910,u111,p411,electronics,706.37,2,2025-11-26T14:47:32
911,u112,p412,electronics,820.36,1,2025-11-18T08:50:38
912,u113,p413,clothing,82.78,4,2025-11-29T14:55:25
913,u114,p414,electronics,525.42,1,2025-11-18T17:47:24
914,u115,p415,books,20.08,4,2025-11-28T03:05:27
915,u116,p416,sports,229.84,3,2025-11-28T14:07:58
916,u117,p417,electronics,436.65,2,2025-11-25T20:12:16
917,u118,p418,clothing,137.75,3,2025-11-24T18:10:23
918,u119,p419,sports,41.88,2,2025-11-05T07:03:28
919,u120,p420,electronics,369.82,4,2025-11-22T04:00:41
920,u121,p421,sports,136.23,5,2025-11-12T05:31:11
921,u122,p422,sports,137.45,4,2025-11-06T20:53:55
922,u123,p423,sports,186.69,3,2025-11-18T01:40:56
923,u124,p424,clothing,50.19,4,2025-11-16T03:11:17
924,u125,p425,books,18.24,3,2025-11-08T22:55:01
925,u126,p426,sports,273.99,3,2025-11-23T12:39:58
926,u127,p427,clothing,93.74,3,2025-11-19T20:41:37
927,u128,p428,sports,107.67,1,2025-11-08T10:06:49
928,u129,p429,electronics,831.34,5,2025-11-25T22:55:09
929,u130,p430,electronics,123.54,2,2025-11-01T09:00:24
930,u131,p431,clothing,165.57,4,2025-11-28T01:06:20
931,u132,p432,books,12.32,3,2025-11-19T12:35:04
932,u133,p433,sports,184.0,5,2025-11-06T04:20:34
933,u134,p434,sports,153.26,2,2025-11-24T10:18:33
934,u135,p435,clothing,98.87,2,2025-11-11T19:41:30
935,u136,p436,sports,253.59,2,2025-11-01T17:55:34
936,u137,p437,sports,155.42,3,2025-11-10T17:24:51
937,u138,p438,sports,127.21,4,2025-11-18T03:53:24
938,u139,p439,books,47.95,3,2025-11-16T12:11:35
939,u140,p440,sports,255.97,5,2025-11-04T08:26:34
940,u141,p441,clothing,117.81,5,2025-11-05T11:20:12
941,u142,p442,electronics,168.85,1,2025-11-27T16:26:21
942,u143,p443,clothing,15.01,5,2025-11-27T21:24:09
943,u144,p444,sports,173.5,5,2025-11-24T14:49:49
944,u145,p445,home,433.95,2,2025-11-30T23:50:24
945,u146,p446,home,154.89,5,2025-11-09T16:22:34
946,u147,p447,sports,262.15,1,2025-11-01T08:03:06
947,u148,p448,clothing,94.65,4,2025-11-18T16:48:49
948,u149,p449,clothing,104.82,1,2025-11-26T19:07:01
949,u150,p450,sports,68.3,3,2025-11-23T02:16:38
950,u151,p451,home,110.86,1,2025-11-08T09:42:20
951,u152,p452,sports,214.53,2,2025-11-18T18:36:12
952,u153,p453,home,338.14,1,2025-11-18T04:26:38
953,u154,p454,clothing,147.92,5,2025-11-04T16:40:23
954,u155,p455,sports,151.31,1,2025-11-19T12:15:35
955,u156,p456,clothing,32.4,2,2025-11-15T11:51:45
956,u157,p457,electronics,767.0,3,2025-11-30T22:26:26
957,u158,p458,sports,18.79,2,2025-11-07T16:40:36
958,u159,p459,books,29.5,3,2025-11-12T08:55:21
959,u160,p460,home,168.11,4,2025-11-18T17:32:02
960,u161,p461,electronics,303.3,3,2025-11-09T15:42:45
961,u162,p462,sports,91.3,3,2025-11-26T11:20:16
962,u163,p463,home,366.01,2,2025-11-22T01:02:42
963,u164,p464,electronics,817.1,3,2025-11-02T09:51:00
964,u165,p465,sports,290.38,4,2025-11-24T00:46:49
965,u166,p466,electronics,505.73,3,2025-11-25T15:53:52
966,u167,p467,clothing,119.43,1,2025-11-26T14:50:26
967,u168,p468,electronics,597.77,5,2025-11-29T08:17:45
968,u169,p469,home,75.85,5,2025-11-27T19:16:16
969,u170,p470,home,286.0,2,2025-11-09T21:38:31
970,u171,p471,books,30.11,1,2025-11-22T11:13:55
971,u172,p472,home,327.05,4,2025-11-23T15:17:18
972,u173,p473,books,42.43,3,2025-11-05T07:41:07
973,u174,p474,home,33.93,2,2025-11-30T17:02:08
974,u175,p475,sports,121.5,2,2025-11-14T12:00:38
975,u176,p476,electronics,613.36,4,2025-11-20T23:12:07
976,u177,p477,sports,32.91,3,2025-11-03T19:02:05
977,u178,p478,books,31.27,1,2025-11-29T20:19:30
978,u179,p479,books,7.0,3,2025-11-28T16:05:22
979,u180,p480,home,184.88,4,2025-11-23T06:40:40
980,u181,p481,home,146.9,3,2025-11-28T07:11:16
981,u182,p482,sports,293.81,3,2025-11-14T10:24:06
982,u183,p483,home,300.3,1,2025-11-18T15:24:13
983,u184,p484,clothing,98.48,5,2025-11-05T19:13:08
984,u185,p485,sports,211.35,3,2025-11-04T11:58:08
985,u186,p486,home,448.97,4,2025-11-06T03:12:18
986,u187,p487,sports,211.67,5,2025-11-30T14:47:48
987,u188,p488,sports,223.45,3,2025-11-17T10:29:54
988,u189,p489,home,40.3,2,2025-11-03T17:29:28
989,u190,p490,home,60.91,4,2025-11-30T13:08:30
990,u191,p491,books,30.47,3,2025-11-14T00:51:15
991,u192,p492,home,398.52,1,2025-11-18T22:31:10
992,u193,p493,electronics,103.69,3,2025-11-19T13:14:05
993,u194,p494,clothing,197.86,5,2025-11-07T16:47:25
994,u195,p495,books,35.74,5,2025-11-30T07:00:01
995,u196,p496,electronics,958.65,5,2025-11-08T18:41:42
996,u197,p497,sports,201.67,3,2025-11-11T08:06:55
997,u198,p498,home,24.58,1,2025-11-14T12:59:15
998,u199,p499,books,50.05,1,2025-11-30T09:14:59
999,u200,p500,clothing,17.57,5,2025-11-04T06:20:18
1000,u001,p001,electronics,831.83,5,2025-11-01T12:53:35
